datetime,kWh,date,weekday,workday,hour,week,continuous_hour
2016-01-04 00:00:00,2.7,2016-01-04,0,True,0,1,0
2016-01-04 00:15:00,2.73,2016-01-04,0,True,0,1,0
2016-01-04 00:30:00,2.64,2016-01-04,0,True,0,1,0
2016-01-04 00:45:00,2.79,2016-01-04,0,True,0,1,0
2016-01-04 01:00:00,2.7,2016-01-04,0,True,1,1,1
2016-01-04 01:15:00,2.73,2016-01-04,0,True,1,1,1
2016-01-04 01:30:00,2.73,2016-01-04,0,True,1,1,1
2016-01-04 01:45:00,2.7,2016-01-04,0,True,1,1,1
2016-01-04 02:00:00,2.73,2016-01-04,0,True,2,1,2
2016-01-04 02:15:00,2.7,2016-01-04,0,True,2,1,2
2016-01-04 02:30:00,2.73,2016-01-04,0,True,2,1,2
2016-01-04 02:45:00,5.4,2016-01-04,0,True,2,1,2
2016-01-04 03:00:00,2.7,2016-01-04,0,True,3,1,3
2016-01-04 03:15:00,2.73,2016-01-04,0,True,3,1,3
2016-01-04 03:30:00,2.7,2016-01-04,0,True,3,1,3
2016-01-04 03:45:00,2.73,2016-01-04,0,True,3,1,3
2016-01-04 04:00:00,2.7,2016-01-04,0,True,4,1,4
2016-01-04 04:15:00,2.67,2016-01-04,0,True,4,1,4
2016-01-04 04:30:00,2.79,2016-01-04,0,True,4,1,4
2016-01-04 04:45:00,2.67,2016-01-04,0,True,4,1,4
2016-01-04 05:00:00,2.7,2016-01-04,0,True,5,1,5
2016-01-04 05:15:00,2.67,2016-01-04,0,True,5,1,5
2016-01-04 05:30:00,2.7,2016-01-04,0,True,5,1,5
2016-01-04 05:45:00,2.73,2016-01-04,0,True,5,1,5
2016-01-04 06:00:00,2.7,2016-01-04,0,True,6,1,6
2016-01-04 06:15:00,2.79,2016-01-04,0,True,6,1,6
2016-01-04 06:30:00,3.0,2016-01-04,0,True,6,1,6
2016-01-04 06:45:00,3.99,2016-01-04,0,True,6,1,6
2016-01-04 07:00:00,4.14,2016-01-04,0,True,7,1,7
2016-01-04 07:15:00,4.56,2016-01-04,0,True,7,1,7
2016-01-04 07:30:00,5.13,2016-01-04,0,True,7,1,7
2016-01-04 07:45:00,11.64,2016-01-04,0,True,7,1,7
2016-01-04 08:00:00,6.75,2016-01-04,0,True,8,1,8
2016-01-04 08:15:00,7.17,2016-01-04,0,True,8,1,8
2016-01-04 08:30:00,7.5,2016-01-04,0,True,8,1,8
2016-01-04 08:45:00,8.19,2016-01-04,0,True,8,1,8
2016-01-04 09:00:00,8.16,2016-01-04,0,True,9,1,9
2016-01-04 09:15:00,8.28,2016-01-04,0,True,9,1,9
2016-01-04 09:30:00,8.49,2016-01-04,0,True,9,1,9
2016-01-04 09:45:00,8.61,2016-01-04,0,True,9,1,9
2016-01-04 10:00:00,8.61,2016-01-04,0,True,10,1,10
2016-01-04 10:15:00,8.43,2016-01-04,0,True,10,1,10
2016-01-04 10:30:00,8.28,2016-01-04,0,True,10,1,10
2016-01-04 10:45:00,8.28,2016-01-04,0,True,10,1,10
2016-01-04 11:00:00,8.19,2016-01-04,0,True,11,1,11
2016-01-04 11:15:00,8.07,2016-01-04,0,True,11,1,11
2016-01-04 11:30:00,8.19,2016-01-04,0,True,11,1,11
2016-01-04 11:45:00,7.95,2016-01-04,0,True,11,1,11
2016-01-04 12:00:00,7.59,2016-01-04,0,True,12,1,12
2016-01-04 12:15:00,7.17,2016-01-04,0,True,12,1,12
2016-01-04 12:30:00,7.17,2016-01-04,0,True,12,1,12
2016-01-04 12:45:00,14.22,2016-01-04,0,True,12,1,12
2016-01-04 13:00:00,7.05,2016-01-04,0,True,13,1,13
2016-01-04 13:15:00,7.05,2016-01-04,0,True,13,1,13
2016-01-04 13:30:00,7.44,2016-01-04,0,True,13,1,13
2016-01-04 13:45:00,7.2,2016-01-04,0,True,13,1,13
2016-01-04 14:00:00,7.68,2016-01-04,0,True,14,1,14
2016-01-04 14:15:00,7.86,2016-01-04,0,True,14,1,14
2016-01-04 14:30:00,7.83,2016-01-04,0,True,14,1,14
2016-01-04 14:45:00,15.48,2016-01-04,0,True,14,1,14
2016-01-04 15:00:00,7.71,2016-01-04,0,True,15,1,15
2016-01-04 15:15:00,7.89,2016-01-04,0,True,15,1,15
2016-01-04 15:30:00,7.74,2016-01-04,0,True,15,1,15
2016-01-04 15:45:00,7.89,2016-01-04,0,True,15,1,15
2016-01-04 16:00:00,7.44,2016-01-04,0,True,16,1,16
2016-01-04 16:15:00,7.38,2016-01-04,0,True,16,1,16
2016-01-04 16:30:00,7.83,2016-01-04,0,True,16,1,16
2016-01-04 16:45:00,7.38,2016-01-04,0,True,16,1,16
2016-01-04 17:00:00,7.56,2016-01-04,0,True,17,1,17
2016-01-04 17:15:00,6.96,2016-01-04,0,True,17,1,17
2016-01-04 17:30:00,6.09,2016-01-04,0,True,17,1,17
2016-01-04 17:45:00,5.55,2016-01-04,0,True,17,1,17
2016-01-04 18:00:00,5.94,2016-01-04,0,True,18,1,18
2016-01-04 18:15:00,5.7,2016-01-04,0,True,18,1,18
2016-01-04 18:30:00,5.16,2016-01-04,0,True,18,1,18
2016-01-04 18:45:00,5.31,2016-01-04,0,True,18,1,18
2016-01-04 19:00:00,4.71,2016-01-04,0,True,19,1,19
2016-01-04 19:15:00,4.59,2016-01-04,0,True,19,1,19
2016-01-04 19:30:00,4.26,2016-01-04,0,True,19,1,19
2016-01-04 19:45:00,4.65,2016-01-04,0,True,19,1,19
2016-01-04 20:00:00,4.29,2016-01-04,0,True,20,1,20
2016-01-04 20:15:00,3.99,2016-01-04,0,True,20,1,20
2016-01-04 20:30:00,7.62,2016-01-04,0,True,20,1,20
2016-01-04 20:45:00,3.57,2016-01-04,0,True,20,1,20
2016-01-04 21:00:00,3.57,2016-01-04,0,True,21,1,21
2016-01-04 21:15:00,3.57,2016-01-04,0,True,21,1,21
2016-01-04 21:30:00,3.6,2016-01-04,0,True,21,1,21
2016-01-04 21:45:00,3.54,2016-01-04,0,True,21,1,21
2016-01-04 22:00:00,3.63,2016-01-04,0,True,22,1,22
2016-01-04 22:15:00,3.51,2016-01-04,0,True,22,1,22
2016-01-04 22:30:00,3.57,2016-01-04,0,True,22,1,22
2016-01-04 22:45:00,3.54,2016-01-04,0,True,22,1,22
2016-01-04 23:00:00,3.6,2016-01-04,0,True,23,1,23
2016-01-04 23:15:00,3.48,2016-01-04,0,True,23,1,23
2016-01-04 23:30:00,3.57,2016-01-04,0,True,23,1,23
2016-01-04 23:45:00,3.54,2016-01-04,0,True,23,1,23
2016-01-05 00:00:00,3.54,2016-01-05,1,True,0,1,24
2016-01-05 00:15:00,3.51,2016-01-05,1,True,0,1,24
2016-01-05 00:30:00,3.48,2016-01-05,1,True,0,1,24
2016-01-05 00:45:00,2.91,2016-01-05,1,True,0,1,24
2016-01-05 01:00:00,2.76,2016-01-05,1,True,1,1,25
2016-01-05 01:15:00,2.76,2016-01-05,1,True,1,1,25
2016-01-05 01:30:00,2.64,2016-01-05,1,True,1,1,25
2016-01-05 01:45:00,2.7,2016-01-05,1,True,1,1,25
2016-01-05 02:00:00,2.67,2016-01-05,1,True,2,1,26
2016-01-05 02:15:00,2.7,2016-01-05,1,True,2,1,26
2016-01-05 02:30:00,2.64,2016-01-05,1,True,2,1,26
2016-01-05 02:45:00,2.7,2016-01-05,1,True,2,1,26
2016-01-05 03:00:00,2.67,2016-01-05,1,True,3,1,27
2016-01-05 03:15:00,2.64,2016-01-05,1,True,3,1,27
2016-01-05 03:30:00,2.7,2016-01-05,1,True,3,1,27
2016-01-05 03:45:00,2.64,2016-01-05,1,True,3,1,27
2016-01-05 04:00:00,2.7,2016-01-05,1,True,4,1,28
2016-01-05 04:15:00,2.67,2016-01-05,1,True,4,1,28
2016-01-05 04:30:00,2.67,2016-01-05,1,True,4,1,28
2016-01-05 04:45:00,2.64,2016-01-05,1,True,4,1,28
2016-01-05 05:00:00,2.67,2016-01-05,1,True,5,1,29
2016-01-05 05:15:00,2.64,2016-01-05,1,True,5,1,29
2016-01-05 05:30:00,2.73,2016-01-05,1,True,5,1,29
2016-01-05 05:45:00,2.67,2016-01-05,1,True,5,1,29
2016-01-05 06:00:00,2.73,2016-01-05,1,True,6,1,30
2016-01-05 06:15:00,2.7,2016-01-05,1,True,6,1,30
2016-01-05 06:30:00,3.36,2016-01-05,1,True,6,1,30
2016-01-05 06:45:00,4.2,2016-01-05,1,True,6,1,30
2016-01-05 07:00:00,4.23,2016-01-05,1,True,7,1,31
2016-01-05 07:15:00,4.71,2016-01-05,1,True,7,1,31
2016-01-05 07:30:00,4.95,2016-01-05,1,True,7,1,31
2016-01-05 07:45:00,5.22,2016-01-05,1,True,7,1,31
2016-01-05 08:00:00,6.45,2016-01-05,1,True,8,1,32
2016-01-05 08:15:00,6.63,2016-01-05,1,True,8,1,32
2016-01-05 08:30:00,7.5,2016-01-05,1,True,8,1,32
2016-01-05 08:45:00,7.59,2016-01-05,1,True,8,1,32
2016-01-05 09:00:00,8.04,2016-01-05,1,True,9,1,33
2016-01-05 09:15:00,8.4,2016-01-05,1,True,9,1,33
2016-01-05 09:30:00,8.04,2016-01-05,1,True,9,1,33
2016-01-05 09:45:00,7.68,2016-01-05,1,True,9,1,33
2016-01-05 10:00:00,7.86,2016-01-05,1,True,10,1,34
2016-01-05 10:15:00,8.1,2016-01-05,1,True,10,1,34
2016-01-05 10:30:00,7.41,2016-01-05,1,True,10,1,34
2016-01-05 10:45:00,7.47,2016-01-05,1,True,10,1,34
2016-01-05 11:00:00,7.71,2016-01-05,1,True,11,1,35
2016-01-05 11:15:00,7.92,2016-01-05,1,True,11,1,35
2016-01-05 11:30:00,7.68,2016-01-05,1,True,11,1,35
2016-01-05 11:45:00,7.5,2016-01-05,1,True,11,1,35
2016-01-05 12:00:00,7.23,2016-01-05,1,True,12,1,36
2016-01-05 12:15:00,7.11,2016-01-05,1,True,12,1,36
2016-01-05 12:30:00,7.17,2016-01-05,1,True,12,1,36
2016-01-05 12:45:00,6.66,2016-01-05,1,True,12,1,36
2016-01-05 13:00:00,6.54,2016-01-05,1,True,13,1,37
2016-01-05 13:15:00,6.81,2016-01-05,1,True,13,1,37
2016-01-05 13:30:00,7.35,2016-01-05,1,True,13,1,37
2016-01-05 13:45:00,7.05,2016-01-05,1,True,13,1,37
2016-01-05 14:00:00,7.23,2016-01-05,1,True,14,1,38
2016-01-05 14:15:00,7.47,2016-01-05,1,True,14,1,38
2016-01-05 14:30:00,7.29,2016-01-05,1,True,14,1,38
2016-01-05 14:45:00,7.44,2016-01-05,1,True,14,1,38
2016-01-05 15:00:00,7.65,2016-01-05,1,True,15,1,39
2016-01-05 15:15:00,7.35,2016-01-05,1,True,15,1,39
2016-01-05 15:30:00,6.96,2016-01-05,1,True,15,1,39
2016-01-05 15:45:00,7.2,2016-01-05,1,True,15,1,39
2016-01-05 16:00:00,7.23,2016-01-05,1,True,16,1,40
2016-01-05 16:15:00,7.17,2016-01-05,1,True,16,1,40
2016-01-05 16:30:00,7.05,2016-01-05,1,True,16,1,40
2016-01-05 16:45:00,6.96,2016-01-05,1,True,16,1,40
2016-01-05 17:00:00,6.9,2016-01-05,1,True,17,1,41
2016-01-05 17:15:00,6.66,2016-01-05,1,True,17,1,41
2016-01-05 17:30:00,6.33,2016-01-05,1,True,17,1,41
2016-01-05 17:45:00,5.7,2016-01-05,1,True,17,1,41
2016-01-05 18:00:00,5.25,2016-01-05,1,True,18,1,42
2016-01-05 18:15:00,10.14,2016-01-05,1,True,18,1,42
2016-01-05 18:30:00,5.25,2016-01-05,1,True,18,1,42
2016-01-05 18:45:00,5.07,2016-01-05,1,True,18,1,42
2016-01-05 19:00:00,4.65,2016-01-05,1,True,19,1,43
2016-01-05 19:15:00,4.59,2016-01-05,1,True,19,1,43
2016-01-05 19:30:00,4.68,2016-01-05,1,True,19,1,43
2016-01-05 19:45:00,3.9,2016-01-05,1,True,19,1,43
2016-01-05 20:00:00,4.05,2016-01-05,1,True,20,1,44
2016-01-05 20:15:00,7.86,2016-01-05,1,True,20,1,44
2016-01-05 20:30:00,3.93,2016-01-05,1,True,20,1,44
2016-01-05 20:45:00,3.81,2016-01-05,1,True,20,1,44
2016-01-05 21:00:00,3.57,2016-01-05,1,True,21,1,45
2016-01-05 21:15:00,3.48,2016-01-05,1,True,21,1,45
2016-01-05 21:30:00,3.33,2016-01-05,1,True,21,1,45
2016-01-05 21:45:00,3.36,2016-01-05,1,True,21,1,45
2016-01-05 22:00:00,3.3,2016-01-05,1,True,22,1,46
2016-01-05 22:15:00,3.33,2016-01-05,1,True,22,1,46
2016-01-05 22:30:00,3.27,2016-01-05,1,True,22,1,46
2016-01-05 22:45:00,3.36,2016-01-05,1,True,22,1,46
2016-01-05 23:00:00,3.24,2016-01-05,1,True,23,1,47
2016-01-05 23:15:00,3.3,2016-01-05,1,True,23,1,47
2016-01-05 23:30:00,3.27,2016-01-05,1,True,23,1,47
2016-01-05 23:45:00,3.3,2016-01-05,1,True,23,1,47
2016-01-06 00:00:00,6.54,2016-01-06,2,True,0,1,48
2016-01-06 00:15:00,3.33,2016-01-06,2,True,0,1,48
2016-01-06 00:30:00,3.27,2016-01-06,2,True,0,1,48
2016-01-06 00:45:00,2.97,2016-01-06,2,True,0,1,48
2016-01-06 01:00:00,2.76,2016-01-06,2,True,1,1,49
2016-01-06 01:15:00,2.67,2016-01-06,2,True,1,1,49
2016-01-06 01:30:00,2.58,2016-01-06,2,True,1,1,49
2016-01-06 01:45:00,5.16,2016-01-06,2,True,1,1,49
2016-01-06 02:00:00,2.58,2016-01-06,2,True,2,1,50
2016-01-06 02:15:00,2.52,2016-01-06,2,True,2,1,50
2016-01-06 02:30:00,2.67,2016-01-06,2,True,2,1,50
2016-01-06 02:45:00,2.58,2016-01-06,2,True,2,1,50
2016-01-06 03:00:00,2.61,2016-01-06,2,True,3,1,51
2016-01-06 03:15:00,2.61,2016-01-06,2,True,3,1,51
2016-01-06 03:30:00,2.64,2016-01-06,2,True,3,1,51
2016-01-06 03:45:00,2.61,2016-01-06,2,True,3,1,51
2016-01-06 04:00:00,2.58,2016-01-06,2,True,4,1,52
2016-01-06 04:15:00,2.67,2016-01-06,2,True,4,1,52
2016-01-06 04:30:00,5.04,2016-01-06,2,True,4,1,52
2016-01-06 04:45:00,2.64,2016-01-06,2,True,4,1,52
2016-01-06 05:00:00,2.55,2016-01-06,2,True,5,1,53
2016-01-06 05:15:00,2.61,2016-01-06,2,True,5,1,53
2016-01-06 05:30:00,2.55,2016-01-06,2,True,5,1,53
2016-01-06 05:45:00,2.64,2016-01-06,2,True,5,1,53
2016-01-06 06:00:00,2.61,2016-01-06,2,True,6,1,54
2016-01-06 06:15:00,2.79,2016-01-06,2,True,6,1,54
2016-01-06 06:30:00,3.69,2016-01-06,2,True,6,1,54
2016-01-06 06:45:00,4.23,2016-01-06,2,True,6,1,54
2016-01-06 07:00:00,4.38,2016-01-06,2,True,7,1,55
2016-01-06 07:15:00,4.35,2016-01-06,2,True,7,1,55
2016-01-06 07:30:00,4.62,2016-01-06,2,True,7,1,55
2016-01-06 07:45:00,4.86,2016-01-06,2,True,7,1,55
2016-01-06 08:00:00,5.49,2016-01-06,2,True,8,1,56
2016-01-06 08:15:00,6.36,2016-01-06,2,True,8,1,56
2016-01-06 08:30:00,7.56,2016-01-06,2,True,8,1,56
2016-01-06 08:45:00,7.14,2016-01-06,2,True,8,1,56
2016-01-06 09:00:00,7.47,2016-01-06,2,True,9,1,57
2016-01-06 09:15:00,7.89,2016-01-06,2,True,9,1,57
2016-01-06 09:30:00,8.07,2016-01-06,2,True,9,1,57
2016-01-06 09:45:00,8.43,2016-01-06,2,True,9,1,57
2016-01-06 10:00:00,8.01,2016-01-06,2,True,10,1,58
2016-01-06 10:15:00,7.56,2016-01-06,2,True,10,1,58
2016-01-06 10:30:00,7.5,2016-01-06,2,True,10,1,58
2016-01-06 10:45:00,7.8,2016-01-06,2,True,10,1,58
2016-01-06 11:00:00,7.56,2016-01-06,2,True,11,1,59
2016-01-06 11:15:00,7.32,2016-01-06,2,True,11,1,59
2016-01-06 11:30:00,7.29,2016-01-06,2,True,11,1,59
2016-01-06 11:45:00,7.47,2016-01-06,2,True,11,1,59
2016-01-06 12:00:00,7.26,2016-01-06,2,True,12,1,60
2016-01-06 12:15:00,6.96,2016-01-06,2,True,12,1,60
2016-01-06 12:30:00,6.9,2016-01-06,2,True,12,1,60
2016-01-06 12:45:00,6.54,2016-01-06,2,True,12,1,60
2016-01-06 13:00:00,6.33,2016-01-06,2,True,13,1,61
2016-01-06 13:15:00,6.45,2016-01-06,2,True,13,1,61
2016-01-06 13:30:00,7.2,2016-01-06,2,True,13,1,61
2016-01-06 13:45:00,7.23,2016-01-06,2,True,13,1,61
2016-01-06 14:00:00,7.26,2016-01-06,2,True,14,1,62
2016-01-06 14:15:00,15.42,2016-01-06,2,True,14,1,62
2016-01-06 14:30:00,7.05,2016-01-06,2,True,14,1,62
2016-01-06 14:45:00,6.84,2016-01-06,2,True,14,1,62
2016-01-06 15:00:00,6.99,2016-01-06,2,True,15,1,63
2016-01-06 15:15:00,7.26,2016-01-06,2,True,15,1,63
2016-01-06 15:30:00,7.29,2016-01-06,2,True,15,1,63
2016-01-06 15:45:00,7.38,2016-01-06,2,True,15,1,63
2016-01-06 16:00:00,7.5,2016-01-06,2,True,16,1,64
2016-01-06 16:15:00,6.99,2016-01-06,2,True,16,1,64
2016-01-06 16:30:00,7.08,2016-01-06,2,True,16,1,64
2016-01-06 16:45:00,6.72,2016-01-06,2,True,16,1,64
2016-01-06 17:00:00,7.23,2016-01-06,2,True,17,1,65
2016-01-06 17:15:00,7.68,2016-01-06,2,True,17,1,65
2016-01-06 17:30:00,6.84,2016-01-06,2,True,17,1,65
2016-01-06 17:45:00,6.33,2016-01-06,2,True,17,1,65
2016-01-06 18:00:00,5.85,2016-01-06,2,True,18,1,66
2016-01-06 18:15:00,5.52,2016-01-06,2,True,18,1,66
2016-01-06 18:30:00,5.07,2016-01-06,2,True,18,1,66
2016-01-06 18:45:00,4.77,2016-01-06,2,True,18,1,66
2016-01-06 19:00:00,4.86,2016-01-06,2,True,19,1,67
2016-01-06 19:15:00,4.56,2016-01-06,2,True,19,1,67
2016-01-06 19:30:00,8.34,2016-01-06,2,True,19,1,67
2016-01-06 19:45:00,4.17,2016-01-06,2,True,19,1,67
2016-01-06 20:00:00,4.32,2016-01-06,2,True,20,1,68
2016-01-06 20:15:00,4.11,2016-01-06,2,True,20,1,68
2016-01-06 20:30:00,4.11,2016-01-06,2,True,20,1,68
2016-01-06 20:45:00,3.9,2016-01-06,2,True,20,1,68
2016-01-06 21:00:00,3.75,2016-01-06,2,True,21,1,69
2016-01-06 21:15:00,3.6,2016-01-06,2,True,21,1,69
2016-01-06 21:30:00,3.6,2016-01-06,2,True,21,1,69
2016-01-06 21:45:00,3.66,2016-01-06,2,True,21,1,69
2016-01-06 22:00:00,3.54,2016-01-06,2,True,22,1,70
2016-01-06 22:15:00,3.39,2016-01-06,2,True,22,1,70
2016-01-06 22:30:00,3.36,2016-01-06,2,True,22,1,70
2016-01-06 22:45:00,3.39,2016-01-06,2,True,22,1,70
2016-01-06 23:00:00,3.33,2016-01-06,2,True,23,1,71
2016-01-06 23:15:00,3.39,2016-01-06,2,True,23,1,71
2016-01-06 23:30:00,3.36,2016-01-06,2,True,23,1,71
2016-01-06 23:45:00,3.36,2016-01-06,2,True,23,1,71
2016-01-07 00:00:00,3.42,2016-01-07,3,True,0,1,72
2016-01-07 00:15:00,3.36,2016-01-07,3,True,0,1,72
2016-01-07 00:30:00,3.39,2016-01-07,3,True,0,1,72
2016-01-07 00:45:00,3.06,2016-01-07,3,True,0,1,72
2016-01-07 01:00:00,2.76,2016-01-07,3,True,1,1,73
2016-01-07 01:15:00,5.28,2016-01-07,3,True,1,1,73
2016-01-07 01:30:00,2.64,2016-01-07,3,True,1,1,73
2016-01-07 01:45:00,5.16,2016-01-07,3,True,1,1,73
2016-01-07 02:00:00,2.55,2016-01-07,3,True,2,1,74
2016-01-07 02:15:00,2.58,2016-01-07,3,True,2,1,74
2016-01-07 02:30:00,2.61,2016-01-07,3,True,2,1,74
2016-01-07 02:45:00,2.55,2016-01-07,3,True,2,1,74
2016-01-07 03:00:00,2.61,2016-01-07,3,True,3,1,75
2016-01-07 03:15:00,2.58,2016-01-07,3,True,3,1,75
2016-01-07 03:30:00,2.55,2016-01-07,3,True,3,1,75
2016-01-07 03:45:00,2.58,2016-01-07,3,True,3,1,75
2016-01-07 04:00:00,2.58,2016-01-07,3,True,4,1,76
2016-01-07 04:15:00,2.61,2016-01-07,3,True,4,1,76
2016-01-07 04:30:00,2.58,2016-01-07,3,True,4,1,76
2016-01-07 04:45:00,2.64,2016-01-07,3,True,4,1,76
2016-01-07 05:00:00,2.55,2016-01-07,3,True,5,1,77
2016-01-07 05:15:00,2.61,2016-01-07,3,True,5,1,77
2016-01-07 05:30:00,2.58,2016-01-07,3,True,5,1,77
2016-01-07 05:45:00,2.67,2016-01-07,3,True,5,1,77
2016-01-07 06:00:00,2.58,2016-01-07,3,True,6,1,78
2016-01-07 06:15:00,2.73,2016-01-07,3,True,6,1,78
2016-01-07 06:30:00,3.36,2016-01-07,3,True,6,1,78
2016-01-07 06:45:00,8.7,2016-01-07,3,True,6,1,78
2016-01-07 07:00:00,4.35,2016-01-07,3,True,7,1,79
2016-01-07 07:15:00,4.65,2016-01-07,3,True,7,1,79
2016-01-07 07:30:00,9.66,2016-01-07,3,True,7,1,79
2016-01-07 07:45:00,4.92,2016-01-07,3,True,7,1,79
2016-01-07 08:00:00,5.82,2016-01-07,3,True,8,1,80
2016-01-07 08:15:00,6.18,2016-01-07,3,True,8,1,80
2016-01-07 08:30:00,6.15,2016-01-07,3,True,8,1,80
2016-01-07 08:45:00,6.51,2016-01-07,3,True,8,1,80
2016-01-07 09:00:00,7.29,2016-01-07,3,True,9,1,81
2016-01-07 09:15:00,7.41,2016-01-07,3,True,9,1,81
2016-01-07 09:30:00,7.65,2016-01-07,3,True,9,1,81
2016-01-07 09:45:00,7.92,2016-01-07,3,True,9,1,81
2016-01-07 10:00:00,7.41,2016-01-07,3,True,10,1,82
2016-01-07 10:15:00,7.5,2016-01-07,3,True,10,1,82
2016-01-07 10:30:00,7.29,2016-01-07,3,True,10,1,82
2016-01-07 10:45:00,6.96,2016-01-07,3,True,10,1,82
2016-01-07 11:00:00,7.41,2016-01-07,3,True,11,1,83
2016-01-07 11:15:00,7.38,2016-01-07,3,True,11,1,83
2016-01-07 11:30:00,7.23,2016-01-07,3,True,11,1,83
2016-01-07 11:45:00,6.87,2016-01-07,3,True,11,1,83
2016-01-07 12:00:00,6.81,2016-01-07,3,True,12,1,84
2016-01-07 12:15:00,6.69,2016-01-07,3,True,12,1,84
2016-01-07 12:30:00,6.75,2016-01-07,3,True,12,1,84
2016-01-07 12:45:00,7.32,2016-01-07,3,True,12,1,84
2016-01-07 13:00:00,7.35,2016-01-07,3,True,13,1,85
2016-01-07 13:15:00,7.2,2016-01-07,3,True,13,1,85
2016-01-07 13:30:00,7.74,2016-01-07,3,True,13,1,85
2016-01-07 13:45:00,7.98,2016-01-07,3,True,13,1,85
2016-01-07 14:00:00,7.98,2016-01-07,3,True,14,1,86
2016-01-07 14:15:00,7.95,2016-01-07,3,True,14,1,86
2016-01-07 14:30:00,8.61,2016-01-07,3,True,14,1,86
2016-01-07 14:45:00,7.77,2016-01-07,3,True,14,1,86
2016-01-07 15:00:00,7.53,2016-01-07,3,True,15,1,87
2016-01-07 15:15:00,7.92,2016-01-07,3,True,15,1,87
2016-01-07 15:30:00,7.95,2016-01-07,3,True,15,1,87
2016-01-07 15:45:00,7.8,2016-01-07,3,True,15,1,87
2016-01-07 16:00:00,7.71,2016-01-07,3,True,16,1,88
2016-01-07 16:15:00,7.44,2016-01-07,3,True,16,1,88
2016-01-07 16:30:00,7.38,2016-01-07,3,True,16,1,88
2016-01-07 16:45:00,7.14,2016-01-07,3,True,16,1,88
2016-01-07 17:00:00,13.8,2016-01-07,3,True,17,1,89
2016-01-07 17:15:00,6.45,2016-01-07,3,True,17,1,89
2016-01-07 17:30:00,6.39,2016-01-07,3,True,17,1,89
2016-01-07 17:45:00,5.91,2016-01-07,3,True,17,1,89
2016-01-07 18:00:00,5.94,2016-01-07,3,True,18,1,90
2016-01-07 18:15:00,5.07,2016-01-07,3,True,18,1,90
2016-01-07 18:30:00,4.86,2016-01-07,3,True,18,1,90
2016-01-07 18:45:00,4.56,2016-01-07,3,True,18,1,90
2016-01-07 19:00:00,9.66,2016-01-07,3,True,19,1,91
2016-01-07 19:15:00,4.74,2016-01-07,3,True,19,1,91
2016-01-07 19:30:00,4.65,2016-01-07,3,True,19,1,91
2016-01-07 19:45:00,4.26,2016-01-07,3,True,19,1,91
2016-01-07 20:00:00,4.14,2016-01-07,3,True,20,1,92
2016-01-07 20:15:00,4.14,2016-01-07,3,True,20,1,92
2016-01-07 20:30:00,3.93,2016-01-07,3,True,20,1,92
2016-01-07 20:45:00,3.99,2016-01-07,3,True,20,1,92
2016-01-07 21:00:00,3.93,2016-01-07,3,True,21,1,93
2016-01-07 21:15:00,3.87,2016-01-07,3,True,21,1,93
2016-01-07 21:30:00,3.66,2016-01-07,3,True,21,1,93
2016-01-07 21:45:00,3.6,2016-01-07,3,True,21,1,93
2016-01-07 22:00:00,3.45,2016-01-07,3,True,22,1,94
2016-01-07 22:15:00,3.48,2016-01-07,3,True,22,1,94
2016-01-07 22:30:00,3.42,2016-01-07,3,True,22,1,94
2016-01-07 22:45:00,3.45,2016-01-07,3,True,22,1,94
2016-01-07 23:00:00,3.39,2016-01-07,3,True,23,1,95
2016-01-07 23:15:00,3.42,2016-01-07,3,True,23,1,95
2016-01-07 23:30:00,3.39,2016-01-07,3,True,23,1,95
2016-01-07 23:45:00,3.45,2016-01-07,3,True,23,1,95
2016-01-08 00:00:00,3.42,2016-01-08,4,True,0,1,96
2016-01-08 00:15:00,3.42,2016-01-08,4,True,0,1,96
2016-01-08 00:30:00,3.48,2016-01-08,4,True,0,1,96
2016-01-08 00:45:00,3.3,2016-01-08,4,True,0,1,96
2016-01-08 01:00:00,3.3,2016-01-08,4,True,1,1,97
2016-01-08 01:15:00,3.24,2016-01-08,4,True,1,1,97
2016-01-08 01:30:00,3.27,2016-01-08,4,True,1,1,97
2016-01-08 01:45:00,3.21,2016-01-08,4,True,1,1,97
2016-01-08 02:00:00,3.3,2016-01-08,4,True,2,1,98
2016-01-08 02:15:00,3.3,2016-01-08,4,True,2,1,98
2016-01-08 02:30:00,3.27,2016-01-08,4,True,2,1,98
2016-01-08 02:45:00,3.33,2016-01-08,4,True,2,1,98
2016-01-08 03:00:00,3.24,2016-01-08,4,True,3,1,99
2016-01-08 03:15:00,3.27,2016-01-08,4,True,3,1,99
2016-01-08 03:30:00,3.21,2016-01-08,4,True,3,1,99
2016-01-08 03:45:00,6.6,2016-01-08,4,True,3,1,99
2016-01-08 04:00:00,3.21,2016-01-08,4,True,4,1,100
2016-01-08 04:15:00,3.3,2016-01-08,4,True,4,1,100
2016-01-08 04:30:00,3.24,2016-01-08,4,True,4,1,100
2016-01-08 04:45:00,3.27,2016-01-08,4,True,4,1,100
2016-01-08 05:00:00,3.24,2016-01-08,4,True,5,1,101
2016-01-08 05:15:00,3.3,2016-01-08,4,True,5,1,101
2016-01-08 05:30:00,3.3,2016-01-08,4,True,5,1,101
2016-01-08 05:45:00,3.36,2016-01-08,4,True,5,1,101
2016-01-08 06:00:00,3.36,2016-01-08,4,True,6,1,102
2016-01-08 06:15:00,3.87,2016-01-08,4,True,6,1,102
2016-01-08 06:30:00,4.17,2016-01-08,4,True,6,1,102
2016-01-08 06:45:00,9.06,2016-01-08,4,True,6,1,102
2016-01-08 07:00:00,4.59,2016-01-08,4,True,7,1,103
2016-01-08 07:15:00,4.65,2016-01-08,4,True,7,1,103
2016-01-08 07:30:00,5.04,2016-01-08,4,True,7,1,103
2016-01-08 07:45:00,5.67,2016-01-08,4,True,7,1,103
2016-01-08 08:00:00,6.12,2016-01-08,4,True,8,1,104
2016-01-08 08:15:00,6.09,2016-01-08,4,True,8,1,104
2016-01-08 08:30:00,6.75,2016-01-08,4,True,8,1,104
2016-01-08 08:45:00,7.23,2016-01-08,4,True,8,1,104
2016-01-08 09:00:00,7.29,2016-01-08,4,True,9,1,105
2016-01-08 09:15:00,7.47,2016-01-08,4,True,9,1,105
2016-01-08 09:30:00,7.11,2016-01-08,4,True,9,1,105
2016-01-08 09:45:00,7.35,2016-01-08,4,True,9,1,105
2016-01-08 10:00:00,14.76,2016-01-08,4,True,10,1,106
2016-01-08 10:15:00,7.71,2016-01-08,4,True,10,1,106
2016-01-08 10:30:00,7.2,2016-01-08,4,True,10,1,106
2016-01-08 10:45:00,7.47,2016-01-08,4,True,10,1,106
2016-01-08 11:00:00,7.65,2016-01-08,4,True,11,1,107
2016-01-08 11:15:00,7.62,2016-01-08,4,True,11,1,107
2016-01-08 11:30:00,7.23,2016-01-08,4,True,11,1,107
2016-01-08 11:45:00,7.17,2016-01-08,4,True,11,1,107
2016-01-08 12:00:00,7.11,2016-01-08,4,True,12,1,108
2016-01-08 12:15:00,6.78,2016-01-08,4,True,12,1,108
2016-01-08 12:30:00,6.54,2016-01-08,4,True,12,1,108
2016-01-08 12:45:00,6.48,2016-01-08,4,True,12,1,108
2016-01-08 13:00:00,6.24,2016-01-08,4,True,13,1,109
2016-01-08 13:15:00,6.66,2016-01-08,4,True,13,1,109
2016-01-08 13:30:00,6.66,2016-01-08,4,True,13,1,109
2016-01-08 13:45:00,13.74,2016-01-08,4,True,13,1,109
2016-01-08 14:00:00,7.14,2016-01-08,4,True,14,1,110
2016-01-08 14:15:00,7.41,2016-01-08,4,True,14,1,110
2016-01-08 14:30:00,6.9,2016-01-08,4,True,14,1,110
2016-01-08 14:45:00,7.02,2016-01-08,4,True,14,1,110
2016-01-08 15:00:00,7.65,2016-01-08,4,True,15,1,111
2016-01-08 15:15:00,7.2,2016-01-08,4,True,15,1,111
2016-01-08 15:30:00,6.99,2016-01-08,4,True,15,1,111
2016-01-08 15:45:00,6.99,2016-01-08,4,True,15,1,111
2016-01-08 16:00:00,7.44,2016-01-08,4,True,16,1,112
2016-01-08 16:15:00,6.78,2016-01-08,4,True,16,1,112
2016-01-08 16:30:00,6.81,2016-01-08,4,True,16,1,112
2016-01-08 16:45:00,7.02,2016-01-08,4,True,16,1,112
2016-01-08 17:00:00,6.63,2016-01-08,4,True,17,1,113
2016-01-08 17:15:00,5.85,2016-01-08,4,True,17,1,113
2016-01-08 17:30:00,5.88,2016-01-08,4,True,17,1,113
2016-01-08 17:45:00,5.1,2016-01-08,4,True,17,1,113
2016-01-08 18:00:00,4.77,2016-01-08,4,True,18,1,114
2016-01-08 18:15:00,4.59,2016-01-08,4,True,18,1,114
2016-01-08 18:30:00,8.82,2016-01-08,4,True,18,1,114
2016-01-08 18:45:00,4.56,2016-01-08,4,True,18,1,114
2016-01-08 19:00:00,8.76,2016-01-08,4,True,19,1,115
2016-01-08 19:15:00,3.87,2016-01-08,4,True,19,1,115
2016-01-08 19:30:00,3.9,2016-01-08,4,True,19,1,115
2016-01-08 19:45:00,4.02,2016-01-08,4,True,19,1,115
2016-01-08 20:00:00,4.05,2016-01-08,4,True,20,1,116
2016-01-08 20:15:00,3.99,2016-01-08,4,True,20,1,116
2016-01-08 20:30:00,3.69,2016-01-08,4,True,20,1,116
2016-01-08 20:45:00,3.51,2016-01-08,4,True,20,1,116
2016-01-08 21:00:00,3.48,2016-01-08,4,True,21,1,117
2016-01-08 21:15:00,3.51,2016-01-08,4,True,21,1,117
2016-01-08 21:30:00,3.27,2016-01-08,4,True,21,1,117
2016-01-08 21:45:00,3.3,2016-01-08,4,True,21,1,117
2016-01-08 22:00:00,3.24,2016-01-08,4,True,22,1,118
2016-01-08 22:15:00,3.27,2016-01-08,4,True,22,1,118
2016-01-08 22:30:00,3.27,2016-01-08,4,True,22,1,118
2016-01-08 22:45:00,3.3,2016-01-08,4,True,22,1,118
2016-01-08 23:00:00,3.24,2016-01-08,4,True,23,1,119
2016-01-08 23:15:00,3.3,2016-01-08,4,True,23,1,119
2016-01-08 23:30:00,3.24,2016-01-08,4,True,23,1,119
2016-01-08 23:45:00,3.33,2016-01-08,4,True,23,1,119
2016-01-09 00:00:00,3.39,2016-01-09,5,False,0,1,120
2016-01-09 00:15:00,3.39,2016-01-09,5,False,0,1,120
2016-01-09 00:30:00,3.21,2016-01-09,5,False,0,1,120
2016-01-09 00:45:00,3.24,2016-01-09,5,False,0,1,120
2016-01-09 01:00:00,3.21,2016-01-09,5,False,1,1,121
2016-01-09 01:15:00,3.18,2016-01-09,5,False,1,1,121
2016-01-09 01:30:00,3.21,2016-01-09,5,False,1,1,121
2016-01-09 01:45:00,3.18,2016-01-09,5,False,1,1,121
2016-01-09 02:00:00,3.12,2016-01-09,5,False,2,1,122
2016-01-09 02:15:00,3.24,2016-01-09,5,False,2,1,122
2016-01-09 02:30:00,3.15,2016-01-09,5,False,2,1,122
2016-01-09 02:45:00,3.21,2016-01-09,5,False,2,1,122
2016-01-09 03:00:00,3.18,2016-01-09,5,False,3,1,123
2016-01-09 03:15:00,3.18,2016-01-09,5,False,3,1,123
2016-01-09 03:30:00,3.18,2016-01-09,5,False,3,1,123
2016-01-09 03:45:00,3.18,2016-01-09,5,False,3,1,123
2016-01-09 04:00:00,3.09,2016-01-09,5,False,4,1,124
2016-01-09 04:15:00,3.21,2016-01-09,5,False,4,1,124
2016-01-09 04:30:00,3.12,2016-01-09,5,False,4,1,124
2016-01-09 04:45:00,3.18,2016-01-09,5,False,4,1,124
2016-01-09 05:00:00,3.15,2016-01-09,5,False,5,1,125
2016-01-09 05:15:00,3.18,2016-01-09,5,False,5,1,125
2016-01-09 05:30:00,3.15,2016-01-09,5,False,5,1,125
2016-01-09 05:45:00,3.18,2016-01-09,5,False,5,1,125
2016-01-09 06:00:00,3.18,2016-01-09,5,False,6,1,126
2016-01-09 06:15:00,3.18,2016-01-09,5,False,6,1,126
2016-01-09 06:30:00,3.18,2016-01-09,5,False,6,1,126
2016-01-09 06:45:00,3.15,2016-01-09,5,False,6,1,126
2016-01-09 07:00:00,3.21,2016-01-09,5,False,7,1,127
2016-01-09 07:15:00,3.21,2016-01-09,5,False,7,1,127
2016-01-09 07:30:00,3.18,2016-01-09,5,False,7,1,127
2016-01-09 07:45:00,3.15,2016-01-09,5,False,7,1,127
2016-01-09 08:00:00,6.36,2016-01-09,5,False,8,1,128
2016-01-09 08:15:00,3.15,2016-01-09,5,False,8,1,128
2016-01-09 08:30:00,3.27,2016-01-09,5,False,8,1,128
2016-01-09 08:45:00,3.24,2016-01-09,5,False,8,1,128
2016-01-09 09:00:00,3.21,2016-01-09,5,False,9,1,129
2016-01-09 09:15:00,3.27,2016-01-09,5,False,9,1,129
2016-01-09 09:30:00,3.24,2016-01-09,5,False,9,1,129
2016-01-09 09:45:00,3.18,2016-01-09,5,False,9,1,129
2016-01-09 10:00:00,3.12,2016-01-09,5,False,10,1,130
2016-01-09 10:15:00,3.18,2016-01-09,5,False,10,1,130
2016-01-09 10:30:00,3.12,2016-01-09,5,False,10,1,130
2016-01-09 10:45:00,3.21,2016-01-09,5,False,10,1,130
2016-01-09 11:00:00,3.15,2016-01-09,5,False,11,1,131
2016-01-09 11:15:00,3.18,2016-01-09,5,False,11,1,131
2016-01-09 11:30:00,3.15,2016-01-09,5,False,11,1,131
2016-01-09 11:45:00,3.21,2016-01-09,5,False,11,1,131
2016-01-09 12:00:00,3.12,2016-01-09,5,False,12,1,132
2016-01-09 12:15:00,3.21,2016-01-09,5,False,12,1,132
2016-01-09 12:30:00,3.15,2016-01-09,5,False,12,1,132
2016-01-09 12:45:00,3.18,2016-01-09,5,False,12,1,132
2016-01-09 13:00:00,3.18,2016-01-09,5,False,13,1,133
2016-01-09 13:15:00,3.18,2016-01-09,5,False,13,1,133
2016-01-09 13:30:00,3.18,2016-01-09,5,False,13,1,133
2016-01-09 13:45:00,3.18,2016-01-09,5,False,13,1,133
2016-01-09 14:00:00,3.15,2016-01-09,5,False,14,1,134
2016-01-09 14:15:00,3.18,2016-01-09,5,False,14,1,134
2016-01-09 14:30:00,3.18,2016-01-09,5,False,14,1,134
2016-01-09 14:45:00,3.21,2016-01-09,5,False,14,1,134
2016-01-09 15:00:00,3.15,2016-01-09,5,False,15,1,135
2016-01-09 15:15:00,3.21,2016-01-09,5,False,15,1,135
2016-01-09 15:30:00,3.12,2016-01-09,5,False,15,1,135
2016-01-09 15:45:00,3.21,2016-01-09,5,False,15,1,135
2016-01-09 16:00:00,3.15,2016-01-09,5,False,16,1,136
2016-01-09 16:15:00,3.21,2016-01-09,5,False,16,1,136
2016-01-09 16:30:00,3.12,2016-01-09,5,False,16,1,136
2016-01-09 16:45:00,3.21,2016-01-09,5,False,16,1,136
2016-01-09 17:00:00,3.15,2016-01-09,5,False,17,1,137
2016-01-09 17:15:00,3.21,2016-01-09,5,False,17,1,137
2016-01-09 17:30:00,3.21,2016-01-09,5,False,17,1,137
2016-01-09 17:45:00,3.24,2016-01-09,5,False,17,1,137
2016-01-09 18:00:00,3.21,2016-01-09,5,False,18,1,138
2016-01-09 18:15:00,3.24,2016-01-09,5,False,18,1,138
2016-01-09 18:30:00,3.18,2016-01-09,5,False,18,1,138
2016-01-09 18:45:00,3.24,2016-01-09,5,False,18,1,138
2016-01-09 19:00:00,3.18,2016-01-09,5,False,19,1,139
2016-01-09 19:15:00,3.21,2016-01-09,5,False,19,1,139
2016-01-09 19:30:00,3.21,2016-01-09,5,False,19,1,139
2016-01-09 19:45:00,3.24,2016-01-09,5,False,19,1,139
2016-01-09 20:00:00,3.21,2016-01-09,5,False,20,1,140
2016-01-09 20:15:00,3.27,2016-01-09,5,False,20,1,140
2016-01-09 20:30:00,3.18,2016-01-09,5,False,20,1,140
2016-01-09 20:45:00,3.24,2016-01-09,5,False,20,1,140
2016-01-09 21:00:00,3.21,2016-01-09,5,False,21,1,141
2016-01-09 21:15:00,3.27,2016-01-09,5,False,21,1,141
2016-01-09 21:30:00,3.18,2016-01-09,5,False,21,1,141
2016-01-09 21:45:00,3.3,2016-01-09,5,False,21,1,141
2016-01-09 22:00:00,3.21,2016-01-09,5,False,22,1,142
2016-01-09 22:15:00,3.24,2016-01-09,5,False,22,1,142
2016-01-09 22:30:00,3.21,2016-01-09,5,False,22,1,142
2016-01-09 22:45:00,3.24,2016-01-09,5,False,22,1,142
2016-01-09 23:00:00,3.21,2016-01-09,5,False,23,1,143
2016-01-09 23:15:00,3.24,2016-01-09,5,False,23,1,143
2016-01-09 23:30:00,3.21,2016-01-09,5,False,23,1,143
2016-01-09 23:45:00,3.21,2016-01-09,5,False,23,1,143
2016-01-10 00:00:00,3.24,2016-01-10,6,False,0,1,144
2016-01-10 00:15:00,3.24,2016-01-10,6,False,0,1,144
2016-01-10 00:30:00,3.21,2016-01-10,6,False,0,1,144
2016-01-10 00:45:00,3.24,2016-01-10,6,False,0,1,144
2016-01-10 01:00:00,3.18,2016-01-10,6,False,1,1,145
2016-01-10 01:15:00,3.18,2016-01-10,6,False,1,1,145
2016-01-10 01:30:00,3.18,2016-01-10,6,False,1,1,145
2016-01-10 01:45:00,3.21,2016-01-10,6,False,1,1,145
2016-01-10 02:00:00,6.24,2016-01-10,6,False,2,1,146
2016-01-10 02:15:00,3.21,2016-01-10,6,False,2,1,146
2016-01-10 02:30:00,3.18,2016-01-10,6,False,2,1,146
2016-01-10 02:45:00,3.18,2016-01-10,6,False,2,1,146
2016-01-10 03:00:00,3.18,2016-01-10,6,False,3,1,147
2016-01-10 03:15:00,3.18,2016-01-10,6,False,3,1,147
2016-01-10 03:30:00,3.15,2016-01-10,6,False,3,1,147
2016-01-10 03:45:00,3.24,2016-01-10,6,False,3,1,147
2016-01-10 04:00:00,6.36,2016-01-10,6,False,4,1,148
2016-01-10 04:15:00,3.24,2016-01-10,6,False,4,1,148
2016-01-10 04:30:00,3.15,2016-01-10,6,False,4,1,148
2016-01-10 04:45:00,3.18,2016-01-10,6,False,4,1,148
2016-01-10 05:00:00,3.15,2016-01-10,6,False,5,1,149
2016-01-10 05:15:00,3.21,2016-01-10,6,False,5,1,149
2016-01-10 05:30:00,3.15,2016-01-10,6,False,5,1,149
2016-01-10 05:45:00,6.54,2016-01-10,6,False,5,1,149
2016-01-10 06:00:00,3.18,2016-01-10,6,False,6,1,150
2016-01-10 06:15:00,3.27,2016-01-10,6,False,6,1,150
2016-01-10 06:30:00,3.18,2016-01-10,6,False,6,1,150
2016-01-10 06:45:00,3.24,2016-01-10,6,False,6,1,150
2016-01-10 07:00:00,3.21,2016-01-10,6,False,7,1,151
2016-01-10 07:15:00,3.24,2016-01-10,6,False,7,1,151
2016-01-10 07:30:00,3.21,2016-01-10,6,False,7,1,151
2016-01-10 07:45:00,3.21,2016-01-10,6,False,7,1,151
2016-01-10 08:00:00,3.18,2016-01-10,6,False,8,1,152
2016-01-10 08:15:00,3.24,2016-01-10,6,False,8,1,152
2016-01-10 08:30:00,3.18,2016-01-10,6,False,8,1,152
2016-01-10 08:45:00,6.36,2016-01-10,6,False,8,1,152
2016-01-10 09:00:00,3.15,2016-01-10,6,False,9,1,153
2016-01-10 09:15:00,3.18,2016-01-10,6,False,9,1,153
2016-01-10 09:30:00,3.15,2016-01-10,6,False,9,1,153
2016-01-10 09:45:00,3.18,2016-01-10,6,False,9,1,153
2016-01-10 10:00:00,3.12,2016-01-10,6,False,10,1,154
2016-01-10 10:15:00,3.18,2016-01-10,6,False,10,1,154
2016-01-10 10:30:00,3.15,2016-01-10,6,False,10,1,154
2016-01-10 10:45:00,3.18,2016-01-10,6,False,10,1,154
2016-01-10 11:00:00,3.15,2016-01-10,6,False,11,1,155
2016-01-10 11:15:00,3.21,2016-01-10,6,False,11,1,155
2016-01-10 11:30:00,3.15,2016-01-10,6,False,11,1,155
2016-01-10 11:45:00,3.21,2016-01-10,6,False,11,1,155
2016-01-10 12:00:00,3.15,2016-01-10,6,False,12,1,156
2016-01-10 12:15:00,3.21,2016-01-10,6,False,12,1,156
2016-01-10 12:30:00,3.15,2016-01-10,6,False,12,1,156
2016-01-10 12:45:00,3.21,2016-01-10,6,False,12,1,156
2016-01-10 13:00:00,3.21,2016-01-10,6,False,13,1,157
2016-01-10 13:15:00,3.21,2016-01-10,6,False,13,1,157
2016-01-10 13:30:00,3.15,2016-01-10,6,False,13,1,157
2016-01-10 13:45:00,3.18,2016-01-10,6,False,13,1,157
2016-01-10 14:00:00,3.15,2016-01-10,6,False,14,1,158
2016-01-10 14:15:00,3.21,2016-01-10,6,False,14,1,158
2016-01-10 14:30:00,3.15,2016-01-10,6,False,14,1,158
2016-01-10 14:45:00,3.18,2016-01-10,6,False,14,1,158
2016-01-10 15:00:00,3.15,2016-01-10,6,False,15,1,159
2016-01-10 15:15:00,3.21,2016-01-10,6,False,15,1,159
2016-01-10 15:30:00,3.12,2016-01-10,6,False,15,1,159
2016-01-10 15:45:00,3.18,2016-01-10,6,False,15,1,159
2016-01-10 16:00:00,3.12,2016-01-10,6,False,16,1,160
2016-01-10 16:15:00,3.18,2016-01-10,6,False,16,1,160
2016-01-10 16:30:00,3.18,2016-01-10,6,False,16,1,160
2016-01-10 16:45:00,3.15,2016-01-10,6,False,16,1,160
2016-01-10 17:00:00,3.15,2016-01-10,6,False,17,1,161
2016-01-10 17:15:00,3.21,2016-01-10,6,False,17,1,161
2016-01-10 17:30:00,3.21,2016-01-10,6,False,17,1,161
2016-01-10 17:45:00,3.18,2016-01-10,6,False,17,1,161
2016-01-10 18:00:00,3.24,2016-01-10,6,False,18,1,162
2016-01-10 18:15:00,3.18,2016-01-10,6,False,18,1,162
2016-01-10 18:30:00,3.24,2016-01-10,6,False,18,1,162
2016-01-10 18:45:00,3.18,2016-01-10,6,False,18,1,162
2016-01-10 19:00:00,3.24,2016-01-10,6,False,19,1,163
2016-01-10 19:15:00,3.18,2016-01-10,6,False,19,1,163
2016-01-10 19:30:00,3.27,2016-01-10,6,False,19,1,163
2016-01-10 19:45:00,3.18,2016-01-10,6,False,19,1,163
2016-01-10 20:00:00,3.18,2016-01-10,6,False,20,1,164
2016-01-10 20:15:00,3.24,2016-01-10,6,False,20,1,164
2016-01-10 20:30:00,3.15,2016-01-10,6,False,20,1,164
2016-01-10 20:45:00,3.24,2016-01-10,6,False,20,1,164
2016-01-10 21:00:00,3.21,2016-01-10,6,False,21,1,165
2016-01-10 21:15:00,3.36,2016-01-10,6,False,21,1,165
2016-01-10 21:30:00,3.48,2016-01-10,6,False,21,1,165
2016-01-10 21:45:00,7.2,2016-01-10,6,False,21,1,165
2016-01-10 22:00:00,3.57,2016-01-10,6,False,22,1,166
2016-01-10 22:15:00,3.78,2016-01-10,6,False,22,1,166
2016-01-10 22:30:00,3.51,2016-01-10,6,False,22,1,166
2016-01-10 22:45:00,3.6,2016-01-10,6,False,22,1,166
2016-01-10 23:00:00,3.57,2016-01-10,6,False,23,1,167
2016-01-10 23:15:00,3.54,2016-01-10,6,False,23,1,167
2016-01-10 23:30:00,3.57,2016-01-10,6,False,23,1,167
2016-01-10 23:45:00,3.39,2016-01-10,6,False,23,1,167
